id,user_id,name,email,phone,password,role,created_at
1,USR-2025-00001,Allison Hill,donaldgarcia@example.net,03171419610,b23f41afa5f47b191d275cc24f063272e9a95f5b36225f9c2de2821b6b274b8c,user,2026-05-16 17:10:34
2,USR-2025-00002,Allen Robinson,hoffmanjennifer@example.net,03275108603,aa91bb1289552259250e1b2a3cc07a788779cc744490e7f50a6cba9cd8eb48b4,user,2026-05-16 17:11:22
3,USR-2025-00003,Rhonda Smith,helenpeterson@example.org,03243341057,b148641d5fd710c862eee130b08b9963cef6207876a8b197a4dbadde4c33ca65,user,2026-05-16 17:14:37
4,USR-2025-00004,James Howard,cassandra07@example.net,03162458591,55f7e1eba55c9e0b77ab1e2a3e310a17198883525b6ba414f5fec31afaa11006,user,2026-05-16 17:15:35
5,USR-2025-00005,Edward Fuller,barbara10@example.net,03478078673,4e132b417a4596b2edd634bb466f602660787cfd9bfa68884ba1e5da53632f94,user,2026-05-16 17:11:47
6,USR-2025-00006,David Garcia,shawn52@example.com,03121499914,de8fb81dd7f7c6712c06fa64e687c301227da9eb1636529bbe51cea766deb27a,user,2026-05-16 17:14:04
7,USR-2025-00007,Melinda Jones,amandasanchez@example.com,03154668136,4cbc791290affec0a98c477172f35395c5af7640abdffc8a0d8cd9627810b73d,user,2026-05-16 17:15:59
8,USR-2025-00008,Kristin Cohen,perezantonio@example.com,03249478454,10ec5a14455d0439147c431f997ad7a4c58d5d7be4e55e994d7d0cc3343c302a,user,2026-05-16 17:10:26
9,USR-2025-00009,Latoya Robbins,dianafoster@example.net,03481445199,abb346954e29a8141c8cb94eddfb8190b61b3051dfa0b4ec95d5e29d93e182d8,user,2026-05-16 17:11:38
10,USR-2025-00010,Justin Baker,zhurst@example.com,03454335942,528a0ba6937407022a0b6ab2b585d67c2d34910b599f40a76b083229b39904be,user,2026-05-16 17:16:02
11,USR-2025-00011,Ann Williams,hernandezernest@example.net,03448038374,2ad65417b39b8b803218700a5393303946d02d0e26267e06667390f0f2f8c5b1,user,2026-05-16 17:10:25
12,USR-2025-00012,Zachary Rice,frazierdanny@example.net,03248536477,32c23b80181cdf52be16c3fbf2bc5bc3b713cb596449a76be09e5bfed67a14a7,user,2026-05-16 17:14:39
13,USR-2025-00013,Edward Moore,mckaynancy@example.com,03475667265,869f59ba80f7ddebc5e783f2031b0921e505a7810ee71c9d27ac63b46eda8227,user,2026-05-16 17:14:37
14,USR-2025-00014,Ashley Garrett,ericfarmer@example.net,03103678638,beae37ac789535f7cee792493bc81f78c9400a22f73183e6c8e5cca9ce50cfdd,user,2026-05-16 17:15:35
15,USR-2025-00015,Linda Burns,hickmannatasha@example.com,03376708456,399d30176e2afc4addb2357767cce2f5266f2b9758539adaca7c8fe08bafc022,user,2026-05-16 17:11:29
16,USR-2025-00016,Angela Dennis,spenceamanda@example.org,03273608513,5448189b901c4bf193dff3db9dcbefcbfe46851d9438b9626843bc8869619c9e,user,2026-05-16 17:12:54
17,USR-2025-00017,Deborah Brennan,ibrandt@example.net,03236647119,7e9739c7d1ac5cbb5101e4480a133e65f966ae9d0325c4fd463972cef6c9731d,user,2026-05-16 17:14:19
18,USR-2025-00018,Michael Brooks,omartinez@example.org,03162556017,e901ca7cf8dd3bd6503db5a64cc84076fdf0c33906ccbf83bfaa5874e4933c9c,user,2026-05-16 17:13:34
19,USR-2025-00019,Daniel Jones,perezrebecca@example.com,03342622631,3436965836d671702082f5d5b210d3c0613393dd22099438136f964356534c05,user,2026-05-16 17:11:28
20,USR-2025-00020,Cindy Anderson,esanchez@example.com,03326770619,8111b62d5150f0ec6dc6a65e87fa1f3e8edcb094d842ab4d6dbb0a06e5b152bc,user,2026-05-16 17:10:37
21,USR-2025-00021,Jeff Owens,nuneztracey@example.org,03485437923,e995646fb19d8824a5b315e3443bbc18184872ce6e9cbe45209753b07c839676,user,2026-05-16 17:14:25
22,USR-2025-00022,Ashley Lee,ltaylor@example.com,03128707870,09e637ff7d74149186e53ac39cc9f7a2393b55f62a92088646a7b6e3a7ff4d7d,user,2026-05-16 17:15:17
23,USR-2025-00023,Robert Chase,williamsyvette@example.org,03443094235,c7851c0f1530640d469066362549c79ff9663512e68519975f1389a37198061e,user,2026-05-16 17:15:36
24,USR-2025-00024,Carol Tucker,michellebarrera@example.org,03342322047,9464d4b576d91a15044ff6a460b1090b5ab23448f56830d87b3eba90416590ab,user,2026-05-16 17:15:57
25,USR-2025-00025,Richard Gibson,uhorton@example.net,03455918715,ccc9afc0a780ab212f88c7192975fd5919533c5133d1290de35a5c52dedc9fd3,user,2026-05-16 17:12:58
26,USR-2025-00026,Daniel Brown,adkinsbrian@example.net,03497067228,bf46084063b1b8356f006ef9911c394788462ca434028f9a9d172cb0ecf9480a,user,2026-05-16 17:15:33
27,USR-2025-00027,Amy Romero,caseyjones@example.org,03464226067,768c3642324be3e2bb6241270f208f8aa71987ea10394f356e0751ece782de87,user,2026-05-16 17:15:41
28,USR-2025-00028,Lauren Williams,barnesbrandy@example.net,03141768805,6e154cb4cbfa2f495c4cf9fb49ac7200ed815202db5f28c8a13f33d5c3a41ffb,user,2026-05-16 17:11:36
29,USR-2025-00029,Emily Baker,emilyevans@example.com,03245855124,954051377de172972eee0825eadfddf3754c0f6ad1320fc30a51f77d9016a2e9,user,2026-05-16 17:15:39
30,USR-2025-00030,Marc Hart,jonesjason@example.com,03154905582,2f20d6265cfd212b8b69eba30619f3efe1eb4504cfafb15654e80f37eedddfed,user,2026-05-16 17:12:08
